Description,Currency,Unit,Rate/unit,Minimum

AIRPORT,mum
EXPORT DOCS /HANDLING,inr,PER_SHIPMENT,60.0
cc,inr,PER_SHIPMENT,2000.0
AIRLINE HANDLING,inr,PER_KG,5.0,10.0
ADDITIONAL / DOMESTIC SECURITY,inr,PER_KG,5.0,10.0
REB,inr,PER_KG,60.0,80.0
REB,inr,PER_CHARG_KG,60.0,80.0

AIRPORT,HKHKG1
EXPORT DOCS /HANDLING,INR,PER_SHIPMENT,40.0
CUSTOM CLEARENCE,INR,PER_SHIPMENT,2000.0
AIRLINE HANDLING,INR,PER_KG,80.0,60.0
ADDITIONAL / DOMESTIC SECURITY,INR,PER_KG,80.0,60.0
BAS,INR,PER_KG,40.0,0.0
BAS,INR,PER_CHARG_KG,40.0,0.0

AIRPORT,CNQSE1
EXPORT DOCS /HANDLING,INR,PER_SHIPMENT,36.0
CUSTOM CLEARENCE,INR,PER_SHIPMENT,2000.0
AIRLINE HANDLING,INR,PER_KG,0.0,40.0
ADDITIONAL / DOMESTIC SECURITY,INR,PER_KG,0.0,40.0
CFD,INR,PER_KG,36.0,0.0
CFD,INR,PER_CHARG_KG,36.0,0.0

AIRPORT,CNSGH1
EXPORT DOCS /HANDLING,INR,PER_SHIPMENT,34.0
CUSTOM CLEARENCE,INR,PER_SHIPMENT,2000.0
AIRLINE HANDLING,INR,PER_KG,0.0,36.0
ADDITIONAL / DOMESTIC SECURITY,INR,PER_KG,0.0,36.0
DDF,INR,PER_KG,34.0,0.0
DDF,INR,PER_CHARG_KG,34.0,0.0

AIRPORT,CNNBO1
EXPORT DOCS /HANDLING,INR,PER_SHIPMENT,35.0
CUSTOM CLEARENCE,INR,PER_SHIPMENT,2000.0
AIRLINE HANDLING,INR,PER_KG,0.0,34.0
ADDITIONAL / DOMESTIC SECURITY,INR,PER_KG,0.0,34.0
DHC,INR,PER_KG,35.0,0.0
DHC,INR,PER_CHARG_KG,35.0,0.0

AIRPORT,CNQIN1
EXPORT DOCS /HANDLING,INR,PER_SHIPMENT,36.0
CUSTOM CLEARENCE,INR,PER_SHIPMENT,3000.0
AIRLINE HANDLING,INR,PER_KG,0.0,35.0
ADDITIONAL / DOMESTIC SECURITY,INR,PER_KG,0.0,35.0
ODF,INR,PER_KG,36.0,5.0
ODF,INR,PER_CHARG_KG,36.0,5.0

AIRPORT,TWKEL1
EXPORT DOCS /HANDLING,INR,PER_SHIPMENT,37.0
CUSTOM CLEARENCE,INR,PER_SHIPMENT,3500.0
AIRLINE HANDLING,INR,PER_KG,5.0,36.0
ADDITIONAL / DOMESTIC SECURITY,INR,PER_KG,5.0,36.0
PSS,INR,PER_KG,37.0,43.0
PSS,INR,PER_CHARG_KG,37.0,43.0

AIRPORT,TWTXG1
EXPORT DOCS /HANDLING,INR,PER_SHIPMENT,38.0
CUSTOM CLEARENCE,INR,PER_SHIPMENT,22000.0
AIRLINE HANDLING,INR,PER_KG,43.0,37.0
ADDITIONAL / DOMESTIC SECURITY,INR,PER_KG,43.0,37.0
LSS,INR,PER_KG,38.0,5.0
LSS,INR,PER_CHARG_KG,38.0,5.0

AIRPORT,TWKHH1
EXPORT DOCS /HANDLING,INR,PER_SHIPMENT,43.0
CUSTOM CLEARENCE,INR,PER_SHIPMENT,22000.0
AIRLINE HANDLING,INR,PER_KG,5.0,38.0
ADDITIONAL / DOMESTIC SECURITY,INR,PER_KG,5.0,38.0
OHC,INR,PER_KG,43.0,5.0
OHC,INR,PER_CHARG_KG,43.0,5.0

AIRPORT,SGSIN1
EXPORT DOCS /HANDLING,INR,PER_SHIPMENT,25.0
CUSTOM CLEARENCE,INR,PER_SHIPMENT,22000.0
AIRLINE HANDLING,INR,PER_KG,5.0,43.0
ADDITIONAL / DOMESTIC SECURITY,INR,PER_KG,5.0,43.0
CFO,INR,PER_KG,25.0,5.0
CFO,INR,PER_CHARG_KG,25.0,5.0

AIRPORT,KRPUS1
EXPORT DOCS /HANDLING,INR,PER_SHIPMENT,24.0
CUSTOM CLEARENCE,INR,PER_SHIPMENT,22000.0
AIRLINE HANDLING,INR,PER_KG,5.0,25.0
ADDITIONAL / DOMESTIC SECURITY,INR,PER_KG,5.0,25.0
REB,INR,PER_KG,24.0,5.0
REB,INR,PER_CHARG_KG,24.0,5.0

AIRPORT,ITGOA1
EXPORT DOCS /HANDLING,INR,PER_SHIPMENT,23.0
CUSTOM CLEARENCE,INR,PER_SHIPMENT,370.0
AIRLINE HANDLING,INR,PER_KG,5.0,24.0
ADDITIONAL / DOMESTIC SECURITY,INR,PER_KG,5.0,24.0
BAS,INR,PER_KG,23.0,5.0
BAS,INR,PER_CHARG_KG,23.0,5.0

AIRPORT,DEHAM1
EXPORT DOCS /HANDLING,INR,PER_SHIPMENT,22.0
CUSTOM CLEARENCE,INR,PER_SHIPMENT,370.0
AIRLINE HANDLING,INR,PER_KG,5.0,23.0
ADDITIONAL / DOMESTIC SECURITY,INR,PER_KG,5.0,23.0
CFD,INR,PER_KG,22.0,5.0
CFD,INR,PER_CHARG_KG,22.0,5.0

AIRPORT,THBKK1
EXPORT DOCS /HANDLING,INR,PER_SHIPMENT,21.0
CUSTOM CLEARENCE,INR,PER_SHIPMENT,739.0
AIRLINE HANDLING,INR,PER_KG,5.0,22.0
ADDITIONAL / DOMESTIC SECURITY,INR,PER_KG,5.0,22.0
DDF,INR,PER_KG,21.0,5.0
DDF,INR,PER_CHARG_KG,21.0,5.0

AIRPORT,GBTIL1
EXPORT DOCS /HANDLING,INR,PER_SHIPMENT,5.0
CUSTOM CLEARENCE,INR,PER_SHIPMENT,683.0
AIRLINE HANDLING,INR,PER_KG,5.0,21.0
ADDITIONAL / DOMESTIC SECURITY,INR,PER_KG,5.0,21.0
DHC,INR,PER_KG,5.0,89.0
DHC,INR,PER_CHARG_KG,5.0,89.0

AIRPORT,AEDXB1
EXPORT DOCS /HANDLING,INR,PER_SHIPMENT,5.0
CUSTOM CLEARENCE,INR,PER_SHIPMENT,2000.0
AIRLINE HANDLING,INR,PER_KG,89.0,5.0
ADDITIONAL / DOMESTIC SECURITY,INR,PER_KG,89.0,5.0
IMP,INR,PER_KG,5.0,74.0
IMP,INR,PER_CHARG_KG,5.0,74.0

AIRPORT,BEANR1
EXPORT DOCS /HANDLING,INR,PER_SHIPMENT,5.0
CUSTOM CLEARENCE,INR,PER_SHIPMENT,2000.0
AIRLINE HANDLING,INR,PER_KG,74.0,5.0
ADDITIONAL / DOMESTIC SECURITY,INR,PER_KG,74.0,5.0
ODF,INR,PER_KG,5.0,0.0
ODF,INR,PER_CHARG_KG,5.0,0.0

AIRPORT,ESBCN1
EXPORT DOCS /HANDLING,INR,PER_SHIPMENT,43.0
CUSTOM CLEARENCE,INR,PER_SHIPMENT,2000.0
AIRLINE HANDLING,INR,PER_KG,0.0,5.0
ADDITIONAL / DOMESTIC SECURITY,INR,PER_KG,0.0,5.0
PSS,INR,PER_KG,43.0,0.0
PSS,INR,PER_CHARG_KG,43.0,0.0

AIRPORT,USNYC1
EXPORT DOCS /HANDLING,INR,PER_SHIPMENT,5.0
CUSTOM CLEARENCE,INR,PER_SHIPMENT,2000.0
AIRLINE HANDLING,INR,PER_KG,0.0,43.0
ADDITIONAL / DOMESTIC SECURITY,INR,PER_KG,0.0,43.0
LSS,INR,PER_KG,5.0,0.0
LSS,INR,PER_CHARG_KG,5.0,0.0

AIRPORT,USOUP6
EXPORT DOCS /HANDLING,INR,PER_SHIPMENT,5.0
CUSTOM CLEARENCE,INR,PER_SHIPMENT,2000.0
AIRLINE HANDLING,INR,PER_KG,0.0,5.0
ADDITIONAL / DOMESTIC SECURITY,INR,PER_KG,0.0,5.0
OHC,INR,PER_KG,5.0,0.0
OHC,INR,PER_CHARG_KG,5.0,0.0

AIRPORT,CNXAM1
EXPORT DOCS /HANDLING,INR,PER_SHIPMENT,5.0
CUSTOM CLEARENCE,INR,PER_SHIPMENT,3000.0
AIRLINE HANDLING,INR,PER_KG,0.0,5.0
ADDITIONAL / DOMESTIC SECURITY,INR,PER_KG,0.0,5.0
CFO,INR,PER_KG,5.0,0.0
CFO,INR,PER_CHARG_KG,5.0,0.0

AIRPORT,MYPKG1
EXPORT DOCS /HANDLING,INR,PER_SHIPMENT,5.0
CUSTOM CLEARENCE,INR,PER_SHIPMENT,3500.0
AIRLINE HANDLING,INR,PER_KG,0.0,5.0
ADDITIONAL / DOMESTIC SECURITY,INR,PER_KG,0.0,5.0
REB,INR,PER_KG,5.0,43.0
REB,INR,PER_CHARG_KG,5.0,43.0

AIRPORT,USLAX1
EXPORT DOCS /HANDLING,INR,PER_SHIPMENT,5.0
CUSTOM CLEARENCE,INR,PER_SHIPMENT,34.0
AIRLINE HANDLING,INR,PER_KG,43.0,5.0
ADDITIONAL / DOMESTIC SECURITY,INR,PER_KG,43.0,5.0
BAS,INR,PER_KG,5.0,5.0
BAS,INR,PER_CHARG_KG,5.0,5.0

AIRPORT,USLGB1
EXPORT DOCS /HANDLING,INR,PER_SHIPMENT,5.0
CUSTOM CLEARENCE,INR,PER_SHIPMENT,23.0
AIRLINE HANDLING,INR,PER_KG,5.0,5.0
ADDITIONAL / DOMESTIC SECURITY,INR,PER_KG,5.0,5.0
CFD,INR,PER_KG,5.0,5.0
CFD,INR,PER_CHARG_KG,5.0,5.0

AIRPORT,USHOU1
EXPORT DOCS /HANDLING,INR,PER_SHIPMENT,5.0
CUSTOM CLEARENCE,INR,PER_SHIPMENT,34.0
AIRLINE HANDLING,INR,PER_KG,5.0,5.0
ADDITIONAL / DOMESTIC SECURITY,INR,PER_KG,5.0,5.0
DDF,INR,PER_KG,5.0,5.0
DDF,INR,PER_CHARG_KG,5.0,5.0

AIRPORT,USA2N6
EXPORT DOCS /HANDLING,INR,PER_SHIPMENT,89.0
CUSTOM CLEARENCE,INR,PER_SHIPMENT,23.0
AIRLINE HANDLING,INR,PER_KG,5.0,5.0
ADDITIONAL / DOMESTIC SECURITY,INR,PER_KG,5.0,5.0
DHC,INR,PER_KG,89.0,80.0
DHC,INR,PER_CHARG_KG,89.0,80.0

